Euro Shopping Channel,912294.1100000002
Mini Gifts Distributors Ltd.,654858.06
Australian Collectors\, Co.,200995.40999999997
Muscle Machine Inc,197736.93999999997
La Rochelle Gifts,180124.9
Dragon Souveniers\, Ltd.,172989.68000000008
Land of Toys Inc.,164069.44000000003
The Sharp Gifts Warehouse,160010.26999999996
AV Stores\, Co.,157807.80999999997
Anna's Decorations\, Ltd,153996.13000000003
Souveniers And Things Co.,151570.98000000004
Corporate Gift Ideas Co.,149882.49999999997
Salzburg Collectables,149798.63
Danish Wholesale Imports,145041.6
Saveley & Henriot\, Co.,142874.25000000003
L'ordine Souveniers,142601.33000000002
Rovelli Gifts,137955.72000000003
Reims Collectables,135042.94
Scandinavian Gift Ideas,134259.33000000002
Online Diecast Creations Co.,131685.30000000002
Diecast Classics Inc.,122138.14000000001
Technics Stores Inc.,120783.07
Corrida Auto Replicas\, Ltd,120615.28
Tokyo Collectables\, Ltd,120562.73999999996
UK Collectables\, Ltd.,118008.26999999999
Vida Sport\, Ltd,117713.55999999998
Baane Mini Imports,116599.19
Handji Gifts& Co,115498.73000000001
Suominen Souveniers,113961.14999999997
Herkku Gifts,111640.28
Toys of Finland\, Co.,111250.37999999996
Mini Creations Ltd.,108951.13
Toys4GrownUps.com,104561.95999999998
Oulu Toy Supplies\, Inc.,104370.38
Marta's Replicas Co.,103080.37999999999
Gift Depot Inc.,101894.79000000001
Heintze Collectables,100595.54999999999
Toms Spezialitten\, Ltd,100306.58
FunGiftIdeas.com,98923.73000000003
La Corne D'abondance\, Co.,97203.68000000001
Amica Models & Co.,94117.26000000002
Cruz & Sons Co.,94015.73
Auto Canal Petit,93170.65999999999
Stylish Desk Decors\, Co.,88804.5
Vitachrome Inc.,88041.26000000001
Collectable Mini Designs Co.,87489.22999999998
Mini Classics,85555.98999999998
Blauer See Auto\, Co.,85171.58999999998
Motor Mint Distributors Inc.,83682.16
Tekni Collectables Inc.,83228.19
Gifts4AllAges.com,83209.88
Signal Gift Stores,82751.08000000002
Collectables For Less Inc.,81577.98
Mini Caravy,80438.48
Super Scale Inc.,79472.07
Norway Gifts By Mail\, Co.,79224.23
Lyon Souveniers,78570.34000000001
Enaco Distributors,78411.86000000002
giftsbymail.co.uk,78240.83999999998
Classic Legends Inc.,77795.2
Volvo Model Replicas\, Co,75754.88
Canadian Gift Exchange Network,75238.92
Petit Auto,74972.52
Marseille Mini Autos,74936.14
Royal Canadian Collectables\, Ltd.,74634.84999999999
Mini Wheels Co.,74476.18
Quebec Home Shopping Network,74204.79
Diecast Collectables,70859.78
Alpha Cognac,70488.44
Daedalus Designs Imports,69052.41
Osaka Souveniers Co.,67605.07
Classic Gift Ideas\, Inc,67506.96999999999
Auto Assoc. & Cie.,64834.32000000001
Australian Collectables\, Ltd,64591.46000000001
Australian Gift Network\, Co,59469.11999999999
Clover Collections\, Co.,57756.43
Gift Ideas Corp.,57294.420000000006
Online Mini Collectables,57197.95999999999
Iberia Gift Imports\, Corp.,54723.62
Mini Auto Werke,52263.899999999994
Signal Collectibles Ltd.,50218.51000000001
CAF Imports,49642.05
Men 'R' US Retailers\, Ltd.,48048.46
West Coast Collectables Co.,46084.63999999999
Cambridge Collectables Co.,36163.619999999995
Double Decker Gift Stores\, Ltd,36019.04
Bavarian Collectables Imports\, Co.,34993.92
Royale Belge,33440.1
Microscale Inc.,33144.93000000001
Auto-Moto Classics Inc.,26479.260000000002
Atelier graphique,24179.96
Boards & Toys Co.,9129.349999999999
